<?xml version="1.0" encoding="UTF-8"?>
<beans xmlns="http://www.springframework.org/schema/beans"
	xmlns:xsi="http://www.w3.org/2001/XMLSchema-instance"
	xmlns:context="https://www.springframework.org/schema/context"
	xmlns:p="https://www.springframework.org/schema/p"
	xsi:schemaLocation="http://www.springframework.org/schema/beans
  https://www.springframework.org/schema/beans/spring-beans.xsd
  https://www.springframework.org/schema/context
  https://www.springframework.org/schema/context/spring-context.xsd">
	
	<bean name="emp" class="com.q4.Employee">
		<property name="employeeId" value="1065"/>
		<property name="employeeName" value="Murphy"/>
		
	</bean>
	
	<bean name="pancard1" class="com.q4.Pancard">
		<property name="panHolderName" value="Murphy"/>
		<property name="panNumber" value="73531"/>
		
	</bean>

</beans>