<?xml version="1.0" encoding="UTF-8"?>
<beans xmlns="http://www.springframework.org/schema/beans"
	xmlns:xsi="http://www.w3.org/2001/XMLSchema-instance"
	xmlns:context="https://www.springframework.org/schema/context"
	xmlns:p="https://www.springframework.org/schema/p"
	xsi:schemaLocation="http://www.springframework.org/schema/beans
  https://www.springframework.org/schema/beans/spring-beans.xsd
  https://www.springframework.org/schema/context
  https://www.springframework.org/schema/context/spring-context.xsd">
	<bean name="question" class="com.springcore.assignment2.Question">
		<property name="questionId" value="1" />
		<property name="question"
			value="What is the capital of France?" />
		<property name="answersList">
			<list>
				<value>Paris</value>
				<value>Marseille</value>
				<value>Lyon</value>
				<value>Toulouse</value>
			</list>
		</property>
		<property name="answer" value="Paris"/>
		<property name="answersMap">
		<map>
		<entry  key="1" value="Paris"/>
		</map>
		</property>
		
	</bean>
</beans>